username,first_name,last_name,email
aadvpu,Lmhgs,Rxpjq,imtijd@test.org
pfemnx,Mqqev,Zkvkb,schjxs@sample.net
vatvnc,Dxvll,Uqcee,ngvzgl@test.org
newytb,Xslcp,Nusdv,qhhshe@test.org
pinawd,Zftrk,Kgjqx,wgboud@example.com
ppvejk,Wakzy,Qyxjf,ynbwvx@sample.net
qvmvel,Pgzlq,Ylqxd,uvcxie@sample.net
slpspn,Nuqxy,Lwjge,uwuzek@example.com
zuiyaz,Oibqx,Pvmbr,qujwfp@sample.net
xcwwqj,Oynln,Nvczu,vrkhgk@example.com
pczzvj,Hqbwj,Fzglb,cseqci@test.org
tkneli,Gbckq,Czlbs,kwdwas@example.com
ittyik,Fmhaz,Rdvnj,vuhxlz@sample.net
haptsv,Mwbxj,Jjbid,nsdzdl@sample.net
bydlhu,Rhgfs,Aprhp,tretpx@sample.net
cuyyaa,Lojaa,Ulbry,oexhwl@example.com
vpzbot,Xzuwu,Jrerp,vvfsxw@sample.net
soykfc,Dpztt,Xkurr,uzeuqm@example.com
fptejz,Dcrph,Yfbzx,ooffbd@sample.net
eliytc,Sxhda,Zyshd,xbhhoc@test.org
cvysau,Rjrhx,Jvegq,aanuhp@example.com
efsqfe,Ojscb,Esmft,valdqz@example.com
xmjheb,Smoeh,Rgeqd,abikjv@sample.net
tprvdd,Jknfp,Xrgym,obcrqa@test.org
tmdoqj,Jvjis,Ztibd,joadsd@example.com
yklgip,Slpus,Faozl,angffr@test.org
vgslzw,Avrbe,Shvhr,secweg@sample.net
jkrkyv,Fjvey,Uhqlr,gyufpz@example.com
gourti,Vwsai,Vecpv,ywuslb@test.org
fbjoci,Duyuy,Trzmw,fimzja@sample.net
ypmhlt,Eomrd,Sfvia,nofffa@example.com
nylnuh,Shdiq,Wnxuq,bozksl@example.com
icehwj,Rusvs,Tkywf,bmnpvz@sample.net
mpeghz,Qhwbm,Vpwtw,vsngmk@sample.net
bxszdz,Rjxyo,Eqxzt,sumrap@example.com
vulcmm,Lhwbz,Gnlzm,gjirqb@test.org
eyzkkk,Ltbox,Oimly,duwyii@sample.net
bxtcqv,Ehxhr,Lpeja,vathpu@sample.net
klagpl,Hpezw,Mftfp,fuipln@example.com
fzuhun,Dtsoa,Smlxi,bwosmb@example.com
mtfdze,Qagap,Pffap,rnobjh@example.com
yhjisr,Btijd,Wwjpk,ueioxh@example.com
epqwzk,Utigj,Noinz,kcsodq@test.org
duawys,Sevhz,Rmstd,quribp@test.org
iityif,Ydkyf,Lsyrh,geilfw@test.org
fpkksp,Fycwc,Wwrss,imxply@example.com
hsiggo,Tskua,Oyrqu,ydyugi@example.com
xygxbu,Ewlau,Qunqf,wxdxbk@example.com
pmbbxb,Orish,Mkodr,imiyhu@example.com
zklqtv,Bacqx,Pxhmm,qrybnd@sample.net
nnenxq,Lvjaj,Ilwnc,tjewal@test.org
ytwfcx,Wtotv,Gvaiv,snexzm@example.com
oplqmy,Qbpmh,Dyoac,oxicmp@example.com
suhqes,Bmdnf,Dvhzu,ouqfqf@example.com
gbsvfl,Egfkq,Jboyg,kafdok@sample.net
pcxesh,Chaed,Cjfuh,cdqqiv@test.org
znnoac,Uhjbo,Mipax,ofovra@example.com
gzkkww,Bobbb,Dvxge,qmsfcq@test.org
zobrpa,Fnvur,Vzntb,igpgyv@example.com
smnsyx,Hnzob,Rbpto,laydzn@example.com
gwvpkg,Zavkm,Brgch,mldegp@test.org
aookrm,Nvrrg,Fkdqa,ifcnrb@test.org
oakkvj,Qkeog,Jzciw,nxmroi@test.org
wmzxuw,Ekzch,Etjkn,kqpvmz@test.org
rdnbwf,Anxoh,Ygfuq,emgzxv@test.org
sdllgv,Njzia,Jkgrn,mbbcsf@example.com
btwvqx,Szggx,Ynfrz,sbwphu@example.com
mutzsg,Cfskj,Cpsja,vdrddi@example.com
egitwp,Umjjd,Xzbyn,doovzo@test.org
whsxbp,Eztfz,Spadl,atoxvd@test.org
kmszoj,Aluan,Bedyc,cqvwyz@sample.net
dkucgb,Acdos,Oqrtf,iiuouk@sample.net
alhjqj,Poiex,Qhzwj,xptpql@test.org
frmmbq,Jhhtb,Kywmd,uuhdxe@example.com
gdbxkp,Anwsc,Szkob,nqubik@sample.net
fsnhbe,Sthxe,Rqtvj,udvnry@test.org
fnovsy,Qeaib,Cbxlp,uhrfoe@sample.net
ggofip,Bigri,Ujhze,zkyrfh@example.com
emzayq,Gijey,Aczyv,qsxzdx@example.com
hvigdr,Qjjls,Bihdg,omhwrd@example.com
yuxkmr,Mxddx,Xtrky,tdslaq@test.org
ymhxbc,Rgmjk,Tdrlp,aefvpz@sample.net
rnskbc,Nhned,Atjsi,cfsfhj@example.com
uvjymx,Avmgj,Lqjdn,xldwld@test.org
vamokc,Ubbzc,Jplhv,ogavxu@test.org
hdiarg,Bmyag,Vcist,nsvdnr@sample.net
yzlrhg,Dwury,Jowwv,hnerar@test.org
owwjzp,Slihc,Lgyvo,ufpnzd@sample.net
krxhag,Wxmqr,Hgmfm,xqaeit@test.org
txgvrp,Qvbar,Vlefl,ziijbz@example.com
fcjxew,Ohtly,Wlepc,uitmlq@example.com
ljwamv,Qcypw,Hdfia,oozyrl@test.org
qkgwal,Eyqfq,Mciuk,ccqnvu@test.org
jkulyc,Jmusv,Pohyn,avedng@test.org
mddhwx,Hlttd,Cqymc,xxloyf@test.org
qntein,Nmbzg,Inruq,oiozoc@sample.net
ilohkt,Vocwn,Rjjyn,tocvjg@example.com
mlggqg,Ptlry,Ktngl,wefljj@sample.net
zibkuy,Zxgiw,Xhxye,gqunpr@sample.net
ifbopk,Aajiq,Elcaz,pkpxbm@test.org
